{
  "v": "4.8.0",
  "ip": 0.0,
  "op": 240.0,
  "fr": 60.0,
  "w": 512.0,
  "h": 512.0,
  "nm": "L",
  "assets": [],
  "layers": [
    {
      "ind": 1,
      "ty": 4,
      "nm": "B",
      "sr": 1.0,
      "ks": {
        "o": {
          "a": 1,
          "k": [
            {
              "i": { "x": [0.833], "y": [1.0] },
              "o": { "x": [0.167], "y": [0.0] },
              "t": 120.0,
              "s": [0.0]
            },
            {
              "i": { "x": [0.833], "y": [1.0] },
              "o": { "x": [0.167], "y": [0.0] },
              "t": 180.0,
              "s": [0.0]
            },
            { "t": 190.0, "s": [100.0] }
          ]
        },
        "r": {
          "a": 1,
          "k": [
            {
              "i": { "x": [0.232], "y": [0.991] },
              "o": { "x": [0.761], "y": [0.009] },
              "t": 120.0,
              "s": [0.0]
            },
            { "t": 200.0, "s": [810.0] }
          ]
        },
        "p": { "a": 0, "k": [256.0, 256.0, 0.0] },
        "a": { "a": 0, "k": [479.5, -90.0, 0.0] },
        "s": {
          "k": [
            {
              "i": { "x": [0.833, 0.833, 0.833], "y": [1.0, 1.0, 1.0] },
              "o": { "x": [0.167, 0.167, 0.167], "y": [0.0, 0.0, 0.0] },
              "t": 120.0,
              "s": [74.0, 74.0, 100.0]
            },
            {
              "i": { "x": [0.833, 0.833, 0.833], "y": [1.0, 1.0, 1.0] },
              "o": { "x": [0.167, 0.167, 0.167], "y": [0.0, 0.0, 0.0] },
              "t": 150.0,
              "s": [60.0, 60.0, 100.0]
            },
            {
              "i": { "x": [0.833, 0.833, 0.833], "y": [1.0, 1.0, 1.0] },
              "o": { "x": [0.167, 0.167, 0.167], "y": [0.0, 0.0, 0.0] },
              "t": 180.0,
              "s": [74.0, 74.0, 100.0]
            },
            {
              "i": { "x": [0.833, 0.833, 0.833], "y": [1.0, 1.0, 1.0] },
              "o": { "x": [0.167, 0.167, 0.167], "y": [0.0, 0.0, 0.0] },
              "t": 210.0,
              "s": [60.0, 60.0, 100.0]
            },
            { "t": 240.0, "s": [74.0, 74.0, 100.0] }
          ],
          "a": 1
        }
      },
      "shapes": [
        {
          "ty": "gr",
          "nm": "S",
          "bm": 0,
          "it": [
            {
              "ty": "sh",
              "nm": "P",
              "ind": 0,
              "ks": {
                "k": [
                  {
                    "i": { "x": 0.833, "y": 0.833 },
                    "o": { "x": 0.221, "y": 0.0 },
                    "t": 120.0,
                    "s": [
                      {
                        "i": [[-216, 0], [-209, 0]],
                        "o": [[214, 0], [193, 0]],
                        "v": [[300, 64], [659, -244]],
                        "c": false
                      }
                    ]
                  },
                  {
                    "i": { "x": 0.004, "y": 0.0 },
                    "o": { "x": 0.167, "y": 0.167 },
                    "t": 130.0,
                    "s": [
                      {
                        "i": [[-164.903, -51.097], [-93.232, 198.742]],
                        "o": [[119.311, 104.356], [107.339, -91.138]],
                        "v": [[305.032, -9.13], [653.687, -171.658]],
                        "c": false
                      }
                    ]
                  },
                  {
                    "i": { "x": 0.568, "y": 0.571 },
                    "o": { "x": 0.368, "y": 0.37 },
                    "t": 140.0,
                    "s": [
                      {
                        "i": [[-108, -108], [-14.27, 230.096]],
                        "o": [[13.864, 220.569], [11.946, -192.63]],
                        "v": [[310.636, -90.569], [647.77, -91.096]],
                        "c": false
                      }
                    ]
                  },
                  {
                    "i": { "x": 0.74, "y": 1.0 },
                    "o": { "x": 0.908, "y": 0.901 },
                    "t": 180.0,
                    "s": [
                      {
                        "i": [[-108, -108], [-14.27, 230.096]],
                        "o": [[13.864, 220.569], [11.946, -192.63]],
                        "v": [[310.636, -90.569], [647.77, -91.096]],
                        "c": false
                      }
                    ]
                  },
                  {
                    "t": 210.0,
                    "s": [
                      {
                        "i": [[-108, -108], [-0.27, -214.904]],
                        "o": [[-0.136, 211.569], [0.242, 193]],
                        "v": [[325.636, -270.569], [633.77, 89.904]],
                        "c": false
                      }
                    ]
                  }
                ],
                "a": 1
              }
            },
            {
              "ty": "st",
              "nm": "S",
              "bm": 0,
              "lc": 2,
              "lj": 2,
              "o": { "a": 0, "k": 100.0 },
              "w": { "a": 0, "k": 68.0 },
              "c": { "a": 0, "k": [0.0, 0.337, 0.337, 1.0] }
            },
            {
              "ty": "tr",
              "o": { "a": 0, "k": 100.0 },
              "r": { "a": 0, "k": 0.0 },
              "p": { "a": 0, "k": [0.0, 0.0] },
              "a": { "a": 0, "k": [0.0, 0.0] },
              "s": { "a": 0, "k": [100.0, 100.0] },
              "nm": "T",
              "sk": { "a": 0, "k": 0.0 },
              "sa": { "a": 0, "k": 0.0 }
            }
          ]
        },
        {
          "ty": "tm",
          "nm": "T",
          "s": {
            "a": 1,
            "k": [
              {
                "i": { "x": [0.833], "y": [1.0] },
                "o": { "x": [0.167], "y": [0.0] },
                "t": 120.0,
                "s": [0.0]
              },
              {
                "i": { "x": [0.833], "y": [1.0] },
                "o": { "x": [0.669], "y": [0.0] },
                "t": 187.0,
                "s": [100.0]
              },
              { "t": 226.0, "s": [0.0] }
            ]
          },
          "e": {
            "a": 1,
            "k": [
              {
                "i": { "x": [0.833], "y": [1.0] },
                "o": { "x": [0.167], "y": [0.0] },
                "t": 120.0,
                "s": [0.0]
              },
              {
                "i": { "x": [0.833], "y": [1.0] },
                "o": { "x": [0.669], "y": [0.0] },
                "t": 182.0,
                "s": [100.0]
              },
              { "t": 221.0, "s": [0.0] }
            ]
          },
          "o": { "a": 0, "k": 0.0 },
          "m": 1
        }
      ],
      "ip": 120.0,
      "op": 241.0,
      "st": 120.0
    },
    {
      "ind": 2,
      "ty": 4,
      "nm": "B",
      "sr": 1.0,
      "ks": {
        "o": { "a": 0, "k": 100.0 },
        "r": {
          "a": 1,
          "k": [
            {
              "i": { "x": [0.232], "y": [0.991] },
              "o": { "x": [0.761], "y": [0.009] },
              "t": 120.0,
              "s": [0.0]
            },
            { "t": 200.0, "s": [810.0] }
          ]
        },
        "p": { "a": 0, "k": [256.0, 256.0, 0.0] },
        "a": { "a": 0, "k": [479.5, -90.0, 0.0] },
        "s": {
          "k": [
            {
              "i": { "x": [0.833, 0.833, 0.833], "y": [1.0, 1.0, 1.0] },
              "o": { "x": [0.167, 0.167, 0.167], "y": [0.0, 0.0, 0.0] },
              "t": 120.0,
              "s": [74.0, 74.0, 100.0]
            },
            {
              "i": { "x": [0.833, 0.833, 0.833], "y": [1.0, 1.0, 1.0] },
              "o": { "x": [0.167, 0.167, 0.167], "y": [0.0, 0.0, 0.0] },
              "t": 150.0,
              "s": [60.0, 60.0, 100.0]
            },
            {
              "i": { "x": [0.833, 0.833, 0.833], "y": [1.0, 1.0, 1.0] },
              "o": { "x": [0.167, 0.167, 0.167], "y": [0.0, 0.0, 0.0] },
              "t": 180.0,
              "s": [74.0, 74.0, 100.0]
            },
            {
              "i": { "x": [0.833, 0.833, 0.833], "y": [1.0, 1.0, 1.0] },
              "o": { "x": [0.167, 0.167, 0.167], "y": [0.0, 0.0, 0.0] },
              "t": 210.0,
              "s": [60.0, 60.0, 100.0]
            },
            { "t": 240.0, "s": [74.0, 74.0, 100.0] }
          ],
          "a": 1
        }
      },
      "shapes": [
        {
          "ty": "gr",
          "nm": "S",
          "bm": 0,
          "it": [
            {
              "ty": "sh",
              "nm": "P",
              "ind": 0,
              "ks": {
                "k": [
                  {
                    "i": { "x": 0.833, "y": 0.833 },
                    "o": { "x": 0.221, "y": 0.0 },
                    "t": 120.0,
                    "s": [
                      {
                        "i": [[-216, 0], [-209, 0]],
                        "o": [[214, 0], [193, 0]],
                        "v": [[300, 64], [659, -244]],
                        "c": false
                      }
                    ]
                  },
                  {
                    "i": { "x": 0.004, "y": 0.0 },
                    "o": { "x": 0.167, "y": 0.167 },
                    "t": 130.0,
                    "s": [
                      {
                        "i": [[-164.903, -51.097], [-93.232, 198.742]],
                        "o": [[119.311, 104.356], [107.339, -91.138]],
                        "v": [[305.032, -9.13], [653.687, -171.658]],
                        "c": false
                      }
                    ]
                  },
                  {
                    "i": { "x": 0.568, "y": 0.571 },
                    "o": { "x": 0.368, "y": 0.37 },
                    "t": 140.0,
                    "s": [
                      {
                        "i": [[-108, -108], [-14.27, 230.096]],
                        "o": [[13.864, 220.569], [11.946, -192.63]],
                        "v": [[310.636, -90.569], [647.77, -91.096]],
                        "c": false
                      }
                    ]
                  },
                  {
                    "i": { "x": 0.74, "y": 1.0 },
                    "o": { "x": 0.908, "y": 0.901 },
                    "t": 180.0,
                    "s": [
                      {
                        "i": [[-108, -108], [-14.27, 230.096]],
                        "o": [[13.864, 220.569], [11.946, -192.63]],
                        "v": [[310.636, -90.569], [647.77, -91.096]],
                        "c": false
                      }
                    ]
                  },
                  {
                    "t": 210.0,
                    "s": [
                      {
                        "i": [[-108, -108], [-0.27, -214.904]],
                        "o": [[-0.136, 211.569], [0.242, 193]],
                        "v": [[325.636, -270.569], [633.77, 89.904]],
                        "c": false
                      }
                    ]
                  }
                ],
                "a": 1
              }
            },
            {
              "ty": "st",
              "nm": "S",
              "bm": 0,
              "lc": 2,
              "lj": 2,
              "o": { "a": 0, "k": 100.0 },
              "w": { "a": 0, "k": 68.0 },
              "c": { "a": 0, "k": [0.0, 0.337, 0.337, 1.0] }
            },
            {
              "ty": "tr",
              "o": { "a": 0, "k": 40.0 },
              "r": { "a": 0, "k": 0.0 },
              "p": { "a": 0, "k": [0.0, 0.0] },
              "a": { "a": 0, "k": [0.0, 0.0] },
              "s": { "a": 0, "k": [100.0, 100.0] },
              "nm": "T",
              "sk": { "a": 0, "k": 0.0 },
              "sa": { "a": 0, "k": 0.0 }
            }
          ]
        },
        {
          "ty": "gr",
          "nm": "S",
          "bm": 0,
          "it": [
            {
              "ty": "sh",
              "nm": "P",
              "ind": 0,
              "ks": {
                "k": [
                  {
                    "i": { "x": 0.833, "y": 0.833 },
                    "o": { "x": 0.221, "y": 0.0 },
                    "t": 120.0,
                    "s": [
                      {
                        "i": [[-216, 0], [-209, 0]],
                        "o": [[214, 0], [193, 0]],
                        "v": [[300, 64], [659, -244]],
                        "c": false
                      }
                    ]
                  },
                  {
                    "i": { "x": 0.004, "y": 0.0 },
                    "o": { "x": 0.167, "y": 0.167 },
                    "t": 130.0,
                    "s": [
                      {
                        "i": [[-164.903, -51.097], [-93.232, 198.742]],
                        "o": [[119.311, 104.356], [107.339, -91.138]],
                        "v": [[305.032, -9.13], [653.687, -171.658]],
                        "c": false
                      }
                    ]
                  },
                  {
                    "i": { "x": 0.568, "y": 0.571 },
                    "o": { "x": 0.368, "y": 0.37 },
                    "t": 140.0,
                    "s": [
                      {
                        "i": [[-108, -108], [-14.27, 230.096]],
                        "o": [[13.864, 220.569], [11.946, -192.63]],
                        "v": [[310.636, -90.569], [647.77, -91.096]],
                        "c": false
                      }
                    ]
                  },
                  {
                    "i": { "x": 0.74, "y": 1.0 },
                    "o": { "x": 0.908, "y": 0.901 },
                    "t": 180.0,
                    "s": [
                      {
                        "i": [[-108, -108], [-14.27, 230.096]],
                        "o": [[13.864, 220.569], [11.946, -192.63]],
                        "v": [[310.636, -90.569], [647.77, -91.096]],
                        "c": false
                      }
                    ]
                  },
                  {
                    "t": 210.0,
                    "s": [
                      {
                        "i": [[-108, -108], [-0.27, -214.904]],
                        "o": [[-0.136, 211.569], [0.242, 193]],
                        "v": [[325.636, -270.569], [633.77, 89.904]],
                        "c": false
                      }
                    ]
                  }
                ],
                "a": 1
              }
            },
            {
              "ty": "st",
              "nm": "S",
              "bm": 0,
              "lc": 2,
              "lj": 2,
              "o": { "a": 0, "k": 100.0 },
              "w": { "a": 0, "k": 68.0 },
              "c": { "a": 0, "k": [0.0, 0.867, 0.702, 1.0] }
            },
            {
              "ty": "tr",
              "o": { "a": 0, "k": 100.0 },
              "r": { "a": 0, "k": 0.0 },
              "p": { "a": 0, "k": [0.0, 0.0] },
              "a": { "a": 0, "k": [0.0, 0.0] },
              "s": { "a": 0, "k": [100.0, 100.0] },
              "nm": "T",
              "sk": { "a": 0, "k": 0.0 },
              "sa": { "a": 0, "k": 0.0 }
            }
          ]
        },
        {
          "ty": "tm",
          "nm": "T",
          "s": {
            "a": 1,
            "k": [
              {
                "i": { "x": [0.833], "y": [1.0] },
                "o": { "x": [0.669], "y": [0.0] },
                "t": 194.0,
                "s": [100.0]
              },
              { "t": 228.0, "s": [0.0] }
            ]
          },
          "e": {
            "a": 1,
            "k": [
              {
                "i": { "x": [0.833], "y": [1.0] },
                "o": { "x": [0.669], "y": [0.0] },
                "t": 188.0,
                "s": [100.0]
              },
              { "t": 222.0, "s": [0.0] }
            ]
          },
          "o": { "a": 0, "k": 0.0 },
          "m": 1
        }
      ],
      "ip": 120.0,
      "op": 241.0,
      "st": 120.0
    },
    {
      "ind": 3,
      "ty": 4,
      "nm": "B",
      "sr": 1.0,
      "ks": {
        "o": { "a": 0, "k": 100.0 },
        "r": {
          "a": 1,
          "k": [
            {
              "i": { "x": [0.232], "y": [0.991] },
              "o": { "x": [0.761], "y": [0.009] },
              "t": 120.0,
              "s": [0.0]
            },
            { "t": 200.0, "s": [810.0] }
          ]
        },
        "p": { "a": 0, "k": [256.0, 256.0, 0.0] },
        "a": { "a": 0, "k": [479.5, -90.0, 0.0] },
        "s": {
          "k": [
            {
              "i": { "x": [0.833, 0.833, 0.833], "y": [1.0, 1.0, 1.0] },
              "o": { "x": [0.167, 0.167, 0.167], "y": [0.0, 0.0, 0.0] },
              "t": 120.0,
              "s": [74.0, 74.0, 100.0]
            },
            {
              "i": { "x": [0.833, 0.833, 0.833], "y": [1.0, 1.0, 1.0] },
              "o": { "x": [0.167, 0.167, 0.167], "y": [0.0, 0.0, 0.0] },
              "t": 150.0,
              "s": [60.0, 60.0, 100.0]
            },
            {
              "i": { "x": [0.833, 0.833, 0.833], "y": [1.0, 1.0, 1.0] },
              "o": { "x": [0.167, 0.167, 0.167], "y": [0.0, 0.0, 0.0] },
              "t": 180.0,
              "s": [74.0, 74.0, 100.0]
            },
            {
              "i": { "x": [0.833, 0.833, 0.833], "y": [1.0, 1.0, 1.0] },
              "o": { "x": [0.167, 0.167, 0.167], "y": [0.0, 0.0, 0.0] },
              "t": 210.0,
              "s": [60.0, 60.0, 100.0]
            },
            { "t": 240.0, "s": [74.0, 74.0, 100.0] }
          ],
          "a": 1
        }
      },
      "shapes": [
        {
          "ty": "gr",
          "nm": "S",
          "bm": 0,
          "it": [
            {
              "ty": "sh",
              "nm": "P",
              "ind": 0,
              "ks": {
                "k": [
                  {
                    "i": { "x": 0.004, "y": 0.0 },
                    "o": { "x": 0.221, "y": 0.0 },
                    "t": 120.0,
                    "s": [
                      {
                        "i": [[-216, 0], [-209, 0]],
                        "o": [[214, 0], [193, 0]],
                        "v": [[300, 64], [659, -244]],
                        "c": false
                      }
                    ]
                  },
                  {
                    "i": { "x": 0.568, "y": 0.571 },
                    "o": { "x": 0.368, "y": 0.37 },
                    "t": 140.0,
                    "s": [
                      {
                        "i": [[-108, -108], [-14.27, 230.096]],
                        "o": [[13.864, 220.569], [11.946, -192.63]],
                        "v": [[310.636, -90.569], [647.77, -91.096]],
                        "c": false
                      }
                    ]
                  },
                  {
                    "i": { "x": 0.74, "y": 1.0 },
                    "o": { "x": 0.908, "y": 0.901 },
                    "t": 180.0,
                    "s": [
                      {
                        "i": [[-108, -108], [-14.27, 230.096]],
                        "o": [[13.864, 220.569], [11.946, -192.63]],
                        "v": [[310.636, -90.569], [647.77, -91.096]],
                        "c": false
                      }
                    ]
                  },
                  {
                    "t": 200.0,
                    "s": [
                      {
                        "i": [[-108, -108], [-0.27, -214.904]],
                        "o": [[-0.136, 211.569], [0.242, 193]],
                        "v": [[325.636, -270.569], [633.77, 89.904]],
                        "c": false
                      }
                    ]
                  }
                ],
                "a": 1
              }
            },
            {
              "ty": "st",
              "nm": "S",
              "bm": 0,
              "lc": 2,
              "lj": 2,
              "o": { "a": 0, "k": 100.0 },
              "w": { "a": 0, "k": 68.0 },
              "c": { "a": 0, "k": [0.0, 0.867, 0.702, 1.0] }
            },
            {
              "ty": "tr",
              "o": { "a": 0, "k": 50.0 },
              "r": { "a": 0, "k": 0.0 },
              "p": { "a": 0, "k": [0.0, 0.0] },
              "a": { "a": 0, "k": [0.0, 0.0] },
              "s": { "a": 0, "k": [100.0, 100.0] },
              "nm": "T",
              "sk": { "a": 0, "k": 0.0 },
              "sa": { "a": 0, "k": 0.0 }
            }
          ]
        },
        {
          "ty": "tm",
          "nm": "T",
          "s": {
            "a": 1,
            "k": [
              {
                "i": { "x": [0.833], "y": [1.0] },
                "o": { "x": [0.669], "y": [0.0] },
                "t": 199.0,
                "s": [100.0]
              },
              { "t": 234.0, "s": [0.0] }
            ]
          },
          "e": {
            "a": 1,
            "k": [
              {
                "i": { "x": [0.808], "y": [1.0] },
                "o": { "x": [0.618], "y": [-0.003] },
                "t": 190.0,
                "s": [100.0]
              },
              { "t": 225.0, "s": [0.0] }
            ]
          },
          "o": { "a": 0, "k": 0.0 },
          "m": 1
        }
      ],
      "ip": 120.0,
      "op": 241.0,
      "st": 120.0
    },
    {
      "ind": 4,
      "ty": 4,
      "nm": "B",
      "sr": 1.0,
      "ks": {
        "o": { "a": 0, "k": 100.0 },
        "r": {
          "a": 1,
          "k": [
            {
              "i": { "x": [0.232], "y": [0.991] },
              "o": { "x": [0.761], "y": [0.009] },
              "t": 120.0,
              "s": [0.0]
            },
            { "t": 200.0, "s": [810.0] }
          ]
        },
        "p": { "a": 0, "k": [256.0, 256.0, 0.0] },
        "a": { "a": 0, "k": [479.5, -90.0, 0.0] },
        "s": {
          "k": [
            {
              "i": { "x": [0.833, 0.833, 0.833], "y": [1.0, 1.0, 1.0] },
              "o": { "x": [0.167, 0.167, 0.167], "y": [0.0, 0.0, 0.0] },
              "t": 120.0,
              "s": [74.0, 74.0, 100.0]
            },
            {
              "i": { "x": [0.833, 0.833, 0.833], "y": [1.0, 1.0, 1.0] },
              "o": { "x": [0.167, 0.167, 0.167], "y": [0.0, 0.0, 0.0] },
              "t": 150.0,
              "s": [60.0, 60.0, 100.0]
            },
            {
              "i": { "x": [0.833, 0.833, 0.833], "y": [1.0, 1.0, 1.0] },
              "o": { "x": [0.167, 0.167, 0.167], "y": [0.0, 0.0, 0.0] },
              "t": 180.0,
              "s": [74.0, 74.0, 100.0]
            },
            {
              "i": { "x": [0.833, 0.833, 0.833], "y": [1.0, 1.0, 1.0] },
              "o": { "x": [0.167, 0.167, 0.167], "y": [0.0, 0.0, 0.0] },
              "t": 210.0,
              "s": [60.0, 60.0, 100.0]
            },
            { "t": 240.0, "s": [74.0, 74.0, 100.0] }
          ],
          "a": 1
        }
      },
      "shapes": [
        {
          "ty": "gr",
          "nm": "S",
          "bm": 0,
          "it": [
            {
              "ty": "sh",
              "nm": "P",
              "ind": 0,
              "ks": {
                "k": [
                  {
                    "i": { "x": 0.833, "y": 0.833 },
                    "o": { "x": 0.221, "y": 0.0 },
                    "t": 120.0,
                    "s": [
                      {
                        "i": [[-216, 0], [-209, 0]],
                        "o": [[214, 0], [193, 0]],
                        "v": [[300, 64], [659, -244]],
                        "c": false
                      }
                    ]
                  },
                  {
                    "i": { "x": 0.004, "y": 0.0 },
                    "o": { "x": 0.167, "y": 0.167 },
                    "t": 130.0,
                    "s": [
                      {
                        "i": [[-164.903, -51.097], [-93.232, 198.742]],
                        "o": [[119.311, 104.356], [107.339, -91.138]],
                        "v": [[305.032, -9.13], [653.687, -171.658]],
                        "c": false
                      }
                    ]
                  },
                  {
                    "i": { "x": 0.568, "y": 0.571 },
                    "o": { "x": 0.368, "y": 0.37 },
                    "t": 140.0,
                    "s": [
                      {
                        "i": [[-108, -108], [-14.27, 230.096]],
                        "o": [[13.864, 220.569], [11.946, -192.63]],
                        "v": [[310.636, -90.569], [647.77, -91.096]],
                        "c": false
                      }
                    ]
                  },
                  {
                    "i": { "x": 0.74, "y": 1.0 },
                    "o": { "x": 0.908, "y": 0.901 },
                    "t": 180.0,
                    "s": [
                      {
                        "i": [[-108, -108], [-14.27, 230.096]],
                        "o": [[13.864, 220.569], [11.946, -192.63]],
                        "v": [[310.636, -90.569], [647.77, -91.096]],
                        "c": false
                      }
                    ]
                  },
                  {
                    "t": 210.0,
                    "s": [
                      {
                        "i": [[-108, -108], [-0.27, -214.904]],
                        "o": [[-0.136, 211.569], [0.242, 193]],
                        "v": [[325.636, -270.569], [633.77, 89.904]],
                        "c": false
                      }
                    ]
                  }
                ],
                "a": 1
              }
            },
            {
              "ty": "st",
              "nm": "S",
              "bm": 0,
              "lc": 2,
              "lj": 2,
              "o": { "a": 0, "k": 100.0 },
              "w": { "a": 0, "k": 68.0 },
              "c": { "a": 0, "k": [1.0, 1.0, 1.0, 1.0] }
            },
            {
              "ty": "tr",
              "o": { "a": 0, "k": 100.0 },
              "r": { "a": 0, "k": 0.0 },
              "p": { "a": 0, "k": [0.0, 0.0] },
              "a": { "a": 0, "k": [0.0, 0.0] },
              "s": { "a": 0, "k": [100.0, 100.0] },
              "nm": "T",
              "sk": { "a": 0, "k": 0.0 },
              "sa": { "a": 0, "k": 0.0 }
            }
          ]
        }
      ],
      "ip": 120.0,
      "op": 241.0,
      "st": 120.0
    },
    {
      "ind": 5,
      "ty": 4,
      "nm": "S",
      "sr": 1.0,
      "ks": {
        "o": { "a": 0, "k": 100.0 },
        "r": { "a": 0, "k": 0.0 },
        "p": { "a": 0, "k": [256.0, 256.0, 0.0] },
        "a": { "a": 0, "k": [0.0, 0.0, 0.0] },
        "s": {
          "k": [
            {
              "i": { "x": [0.654, 0.654, 0.833], "y": [1.0, 1.0, 1.0] },
              "o": { "x": [0.333, 0.333, 0.333], "y": [0.0, 0.0, 0.0] },
              "t": 120.0,
              "s": [100.0, 100.0, 100.0]
            },
            {
              "i": { "x": [0.667, 0.667, 0.667], "y": [1.0, 1.0, 1.0] },
              "o": { "x": [0.276, 0.276, 0.159], "y": [0.0, 0.0, 0.0] },
              "t": 150.0,
              "s": [82.0, 82.0, 100.0]
            },
            {
              "i": { "x": [0.698, 0.698, 0.833], "y": [1.0, 1.0, 1.0] },
              "o": { "x": [0.333, 0.333, 0.333], "y": [0.0, 0.0, 0.0] },
              "t": 180.0,
              "s": [100.0, 100.0, 100.0]
            },
            {
              "i": { "x": [0.667, 0.667, 0.667], "y": [1.0, 1.0, 1.0] },
              "o": { "x": [0.304, 0.304, 0.167], "y": [0.0, 0.0, 0.0] },
              "t": 210.0,
              "s": [82.0, 82.0, 100.0]
            },
            { "t": 240.0, "s": [100.0, 100.0, 100.0] }
          ],
          "a": 1
        }
      },
      "shapes": [
        {
          "ty": "gr",
          "nm": "E",
          "bm": 0,
          "it": [
            {
              "ty": "el",
              "p": { "a": 0, "k": [0.0, 0.0] },
              "s": { "a": 0, "k": [512.0, 512.0] },
              "nm": "E"
            },
            {
              "ty": "fl",
              "nm": "F",
              "bm": 0,
              "c": { "a": 0, "k": [0.0, 0.867, 0.702, 1.0] },
              "o": { "a": 0, "k": 100.0 },
              "r": 1
            },
            {
              "ty": "tr",
              "o": { "a": 0, "k": 100.0 },
              "r": { "a": 0, "k": 0.0 },
              "p": { "a": 0, "k": [0.0, 0.0] },
              "a": { "a": 0, "k": [0.0, 0.0] },
              "s": { "a": 0, "k": [100.0, 100.0] },
              "nm": "T",
              "sk": { "a": 0, "k": 0.0 },
              "sa": { "a": 0, "k": 0.0 }
            }
          ]
        }
      ],
      "ip": 120.0,
      "op": 241.0,
      "st": 120.0
    },
    {
      "ind": 6,
      "ty": 4,
      "nm": "B",
      "sr": 1.0,
      "ks": {
        "o": {
          "a": 1,
          "k": [
            {
              "i": { "x": [0.833], "y": [1.0] },
              "o": { "x": [0.167], "y": [0.0] },
              "t": 0.0,
              "s": [0.0]
            },
            {
              "i": { "x": [0.833], "y": [1.0] },
              "o": { "x": [0.167], "y": [0.0] },
              "t": 60.0,
              "s": [0.0]
            },
            { "t": 70.0, "s": [100.0] }
          ]
        },
        "r": {
          "a": 1,
          "k": [
            {
              "i": { "x": [0.232], "y": [0.991] },
              "o": { "x": [0.761], "y": [0.009] },
              "t": 0.0,
              "s": [0.0]
            },
            { "t": 80.0, "s": [810.0] }
          ]
        },
        "p": { "a": 0, "k": [256.0, 256.0, 0.0] },
        "a": { "a": 0, "k": [479.5, -90.0, 0.0] },
        "s": {
          "k": [
            {
              "i": { "x": [0.833, 0.833, 0.833], "y": [1.0, 1.0, 1.0] },
              "o": { "x": [0.167, 0.167, 0.167], "y": [0.0, 0.0, 0.0] },
              "t": 0.0,
              "s": [74.0, 74.0, 100.0]
            },
            {
              "i": { "x": [0.833, 0.833, 0.833], "y": [1.0, 1.0, 1.0] },
              "o": { "x": [0.167, 0.167, 0.167], "y": [0.0, 0.0, 0.0] },
              "t": 30.0,
              "s": [60.0, 60.0, 100.0]
            },
            {
              "i": { "x": [0.833, 0.833, 0.833], "y": [1.0, 1.0, 1.0] },
              "o": { "x": [0.167, 0.167, 0.167], "y": [0.0, 0.0, 0.0] },
              "t": 60.0,
              "s": [74.0, 74.0, 100.0]
            },
            {
              "i": { "x": [0.833, 0.833, 0.833], "y": [1.0, 1.0, 1.0] },
              "o": { "x": [0.167, 0.167, 0.167], "y": [0.0, 0.0, 0.0] },
              "t": 90.0,
              "s": [60.0, 60.0, 100.0]
            },
            { "t": 120.0, "s": [74.0, 74.0, 100.0] }
          ],
          "a": 1
        }
      },
      "shapes": [
        {
          "ty": "gr",
          "nm": "S",
          "bm": 0,
          "it": [
            {
              "ty": "sh",
              "nm": "P",
              "ind": 0,
              "ks": {
                "k": [
                  {
                    "i": { "x": 0.833, "y": 0.833 },
                    "o": { "x": 0.221, "y": 0.0 },
                    "t": 0.0,
                    "s": [
                      {
                        "i": [[-216, 0], [-209, 0]],
                        "o": [[214, 0], [193, 0]],
                        "v": [[300, 64], [659, -244]],
                        "c": false
                      }
                    ]
                  },
                  {
                    "i": { "x": 0.004, "y": 0.0 },
                    "o": { "x": 0.167, "y": 0.167 },
                    "t": 10.0,
                    "s": [
                      {
                        "i": [[-164.903, -51.097], [-93.232, 198.742]],
                        "o": [[119.311, 104.356], [107.339, -91.138]],
                        "v": [[305.032, -9.13], [653.687, -171.658]],
                        "c": false
                      }
                    ]
                  },
                  {
                    "i": { "x": 0.568, "y": 0.571 },
                    "o": { "x": 0.368, "y": 0.37 },
                    "t": 20.0,
                    "s": [
                      {
                        "i": [[-108, -108], [-14.27, 230.096]],
                        "o": [[13.864, 220.569], [11.946, -192.63]],
                        "v": [[310.636, -90.569], [647.77, -91.096]],
                        "c": false
                      }
                    ]
                  },
                  {
                    "i": { "x": 0.74, "y": 1.0 },
                    "o": { "x": 0.908, "y": 0.901 },
                    "t": 60.0,
                    "s": [
                      {
                        "i": [[-108, -108], [-14.27, 230.096]],
                        "o": [[13.864, 220.569], [11.946, -192.63]],
                        "v": [[310.636, -90.569], [647.77, -91.096]],
                        "c": false
                      }
                    ]
                  },
                  {
                    "t": 90.0,
                    "s": [
                      {
                        "i": [[-108, -108], [-0.27, -214.904]],
                        "o": [[-0.136, 211.569], [0.242, 193]],
                        "v": [[325.636, -270.569], [633.77, 89.904]],
                        "c": false
                      }
                    ]
                  }
                ],
                "a": 1
              }
            },
            {
              "ty": "st",
              "nm": "S",
              "bm": 0,
              "lc": 2,
              "lj": 2,
              "o": { "a": 0, "k": 100.0 },
              "w": { "a": 0, "k": 68.0 },
              "c": { "a": 0, "k": [0.0, 0.337, 0.337, 1.0] }
            },
            {
              "ty": "tr",
              "o": { "a": 0, "k": 100.0 },
              "r": { "a": 0, "k": 0.0 },
              "p": { "a": 0, "k": [0.0, 0.0] },
              "a": { "a": 0, "k": [0.0, 0.0] },
              "s": { "a": 0, "k": [100.0, 100.0] },
              "nm": "T",
              "sk": { "a": 0, "k": 0.0 },
              "sa": { "a": 0, "k": 0.0 }
            }
          ]
        },
        {
          "ty": "tm",
          "nm": "T",
          "s": {
            "a": 1,
            "k": [
              {
                "i": { "x": [0.833], "y": [1.0] },
                "o": { "x": [0.167], "y": [0.0] },
                "t": 0.0,
                "s": [0.0]
              },
              {
                "i": { "x": [0.833], "y": [1.0] },
                "o": { "x": [0.669], "y": [0.0] },
                "t": 67.0,
                "s": [0.0]
              },
              { "t": 106.0, "s": [100.0] }
            ]
          },
          "e": {
            "a": 1,
            "k": [
              {
                "i": { "x": [0.833], "y": [1.0] },
                "o": { "x": [0.167], "y": [0.0] },
                "t": 0.0,
                "s": [0.0]
              },
              {
                "i": { "x": [0.833], "y": [1.0] },
                "o": { "x": [0.669], "y": [0.0] },
                "t": 62.0,
                "s": [0.0]
              },
              { "t": 101.0, "s": [100.0] }
            ]
          },
          "o": { "a": 0, "k": 0.0 },
          "m": 1
        }
      ],
      "ip": 0.0,
      "op": 120.0,
      "st": 0.0
    },
    {
      "ind": 7,
      "ty": 4,
      "nm": "B",
      "sr": 1.0,
      "ks": {
        "o": { "a": 0, "k": 100.0 },
        "r": {
          "a": 1,
          "k": [
            {
              "i": { "x": [0.232], "y": [0.991] },
              "o": { "x": [0.761], "y": [0.009] },
              "t": 0.0,
              "s": [0.0]
            },
            { "t": 80.0, "s": [810.0] }
          ]
        },
        "p": { "a": 0, "k": [256.0, 256.0, 0.0] },
        "a": { "a": 0, "k": [479.5, -90.0, 0.0] },
        "s": {
          "k": [
            {
              "i": { "x": [0.833, 0.833, 0.833], "y": [1.0, 1.0, 1.0] },
              "o": { "x": [0.167, 0.167, 0.167], "y": [0.0, 0.0, 0.0] },
              "t": 0.0,
              "s": [74.0, 74.0, 100.0]
            },
            {
              "i": { "x": [0.833, 0.833, 0.833], "y": [1.0, 1.0, 1.0] },
              "o": { "x": [0.167, 0.167, 0.167], "y": [0.0, 0.0, 0.0] },
              "t": 30.0,
              "s": [60.0, 60.0, 100.0]
            },
            {
              "i": { "x": [0.833, 0.833, 0.833], "y": [1.0, 1.0, 1.0] },
              "o": { "x": [0.167, 0.167, 0.167], "y": [0.0, 0.0, 0.0] },
              "t": 60.0,
              "s": [74.0, 74.0, 100.0]
            },
            {
              "i": { "x": [0.833, 0.833, 0.833], "y": [1.0, 1.0, 1.0] },
              "o": { "x": [0.167, 0.167, 0.167], "y": [0.0, 0.0, 0.0] },
              "t": 90.0,
              "s": [60.0, 60.0, 100.0]
            },
            { "t": 120.0, "s": [74.0, 74.0, 100.0] }
          ],
          "a": 1
        }
      },
      "shapes": [
        {
          "ty": "gr",
          "nm": "S",
          "bm": 0,
          "it": [
            {
              "ty": "sh",
              "nm": "P",
              "ind": 0,
              "ks": {
                "k": [
                  {
                    "i": { "x": 0.833, "y": 0.833 },
                    "o": { "x": 0.221, "y": 0.0 },
                    "t": 0.0,
                    "s": [
                      {
                        "i": [[-216, 0], [-209, 0]],
                        "o": [[214, 0], [193, 0]],
                        "v": [[300, 64], [659, -244]],
                        "c": false
                      }
                    ]
                  },
                  {
                    "i": { "x": 0.004, "y": 0.0 },
                    "o": { "x": 0.167, "y": 0.167 },
                    "t": 10.0,
                    "s": [
                      {
                        "i": [[-164.903, -51.097], [-93.232, 198.742]],
                        "o": [[119.311, 104.356], [107.339, -91.138]],
                        "v": [[305.032, -9.13], [653.687, -171.658]],
                        "c": false
                      }
                    ]
                  },
                  {
                    "i": { "x": 0.568, "y": 0.571 },
                    "o": { "x": 0.368, "y": 0.37 },
                    "t": 20.0,
                    "s": [
                      {
                        "i": [[-108, -108], [-14.27, 230.096]],
                        "o": [[13.864, 220.569], [11.946, -192.63]],
                        "v": [[310.636, -90.569], [647.77, -91.096]],
                        "c": false
                      }
                    ]
                  },
                  {
                    "i": { "x": 0.74, "y": 1.0 },
                    "o": { "x": 0.908, "y": 0.901 },
                    "t": 60.0,
                    "s": [
                      {
                        "i": [[-108, -108], [-14.27, 230.096]],
                        "o": [[13.864, 220.569], [11.946, -192.63]],
                        "v": [[310.636, -90.569], [647.77, -91.096]],
                        "c": false
                      }
                    ]
                  },
                  {
                    "t": 90.0,
                    "s": [
                      {
                        "i": [[-108, -108], [-0.27, -214.904]],
                        "o": [[-0.136, 211.569], [0.242, 193]],
                        "v": [[325.636, -270.569], [633.77, 89.904]],
                        "c": false
                      }
                    ]
                  }
                ],
                "a": 1
              }
            },
            {
              "ty": "st",
              "nm": "S",
              "bm": 0,
              "lc": 2,
              "lj": 2,
              "o": { "a": 0, "k": 100.0 },
              "w": { "a": 0, "k": 68.0 },
              "c": { "a": 0, "k": [0.0, 0.337, 0.337, 1.0] }
            },
            {
              "ty": "tr",
              "o": { "a": 0, "k": 40.0 },
              "r": { "a": 0, "k": 0.0 },
              "p": { "a": 0, "k": [0.0, 0.0] },
              "a": { "a": 0, "k": [0.0, 0.0] },
              "s": { "a": 0, "k": [100.0, 100.0] },
              "nm": "T",
              "sk": { "a": 0, "k": 0.0 },
              "sa": { "a": 0, "k": 0.0 }
            }
          ]
        },
        {
          "ty": "gr",
          "nm": "S",
          "bm": 0,
          "it": [
            {
              "ty": "sh",
              "nm": "P",
              "ind": 0,
              "ks": {
                "k": [
                  {
                    "i": { "x": 0.833, "y": 0.833 },
                    "o": { "x": 0.221, "y": 0.0 },
                    "t": 0.0,
                    "s": [
                      {
                        "i": [[-216, 0], [-209, 0]],
                        "o": [[214, 0], [193, 0]],
                        "v": [[300, 64], [659, -244]],
                        "c": false
                      }
                    ]
                  },
                  {
                    "i": { "x": 0.004, "y": 0.0 },
                    "o": { "x": 0.167, "y": 0.167 },
                    "t": 10.0,
                    "s": [
                      {
                        "i": [[-164.903, -51.097], [-93.232, 198.742]],
                        "o": [[119.311, 104.356], [107.339, -91.138]],
                        "v": [[305.032, -9.13], [653.687, -171.658]],
                        "c": false
                      }
                    ]
                  },
                  {
                    "i": { "x": 0.568, "y": 0.571 },
                    "o": { "x": 0.368, "y": 0.37 },
                    "t": 20.0,
                    "s": [
                      {
                        "i": [[-108, -108], [-14.27, 230.096]],
                        "o": [[13.864, 220.569], [11.946, -192.63]],
                        "v": [[310.636, -90.569], [647.77, -91.096]],
                        "c": false
                      }
                    ]
                  },
                  {
                    "i": { "x": 0.74, "y": 1.0 },
                    "o": { "x": 0.908, "y": 0.901 },
                    "t": 60.0,
                    "s": [
                      {
                        "i": [[-108, -108], [-14.27, 230.096]],
                        "o": [[13.864, 220.569], [11.946, -192.63]],
                        "v": [[310.636, -90.569], [647.77, -91.096]],
                        "c": false
                      }
                    ]
                  },
                  {
                    "t": 90.0,
                    "s": [
                      {
                        "i": [[-108, -108], [-0.27, -214.904]],
                        "o": [[-0.136, 211.569], [0.242, 193]],
                        "v": [[325.636, -270.569], [633.77, 89.904]],
                        "c": false
                      }
                    ]
                  }
                ],
                "a": 1
              }
            },
            {
              "ty": "st",
              "nm": "S",
              "bm": 0,
              "lc": 2,
              "lj": 2,
              "o": { "a": 0, "k": 100.0 },
              "w": { "a": 0, "k": 68.0 },
              "c": { "a": 0, "k": [0.0, 0.867, 0.702, 1.0] }
            },
            {
              "ty": "tr",
              "o": { "a": 0, "k": 100.0 },
              "r": { "a": 0, "k": 0.0 },
              "p": { "a": 0, "k": [0.0, 0.0] },
              "a": { "a": 0, "k": [0.0, 0.0] },
              "s": { "a": 0, "k": [100.0, 100.0] },
              "nm": "T",
              "sk": { "a": 0, "k": 0.0 },
              "sa": { "a": 0, "k": 0.0 }
            }
          ]
        },
        {
          "ty": "tm",
          "nm": "T",
          "s": {
            "a": 1,
            "k": [
              {
                "i": { "x": [0.833], "y": [1.0] },
                "o": { "x": [0.669], "y": [0.0] },
                "t": 70.0,
                "s": [0.0]
              },
              { "t": 110.0, "s": [100.0] }
            ]
          },
          "e": {
            "a": 1,
            "k": [
              {
                "i": { "x": [0.833], "y": [1.0] },
                "o": { "x": [0.669], "y": [0.0] },
                "t": 64.0,
                "s": [0.0]
              },
              { "t": 104.0, "s": [100.0] }
            ]
          },
          "o": { "a": 0, "k": 0.0 },
          "m": 1
        }
      ],
      "ip": 0.0,
      "op": 120.0,
      "st": 0.0
    },
    {
      "ind": 8,
      "ty": 4,
      "nm": "B",
      "sr": 1.0,
      "ks": {
        "o": { "a": 0, "k": 100.0 },
        "r": {
          "a": 1,
          "k": [
            {
              "i": { "x": [0.232], "y": [0.991] },
              "o": { "x": [0.761], "y": [0.009] },
              "t": 0.0,
              "s": [0.0]
            },
            { "t": 80.0, "s": [810.0] }
          ]
        },
        "p": { "a": 0, "k": [256.0, 256.0, 0.0] },
        "a": { "a": 0, "k": [479.5, -90.0, 0.0] },
        "s": {
          "k": [
            {
              "i": { "x": [0.833, 0.833, 0.833], "y": [1.0, 1.0, 1.0] },
              "o": { "x": [0.167, 0.167, 0.167], "y": [0.0, 0.0, 0.0] },
              "t": 0.0,
              "s": [74.0, 74.0, 100.0]
            },
            {
              "i": { "x": [0.833, 0.833, 0.833], "y": [1.0, 1.0, 1.0] },
              "o": { "x": [0.167, 0.167, 0.167], "y": [0.0, 0.0, 0.0] },
              "t": 30.0,
              "s": [60.0, 60.0, 100.0]
            },
            {
              "i": { "x": [0.833, 0.833, 0.833], "y": [1.0, 1.0, 1.0] },
              "o": { "x": [0.167, 0.167, 0.167], "y": [0.0, 0.0, 0.0] },
              "t": 60.0,
              "s": [74.0, 74.0, 100.0]
            },
            {
              "i": { "x": [0.833, 0.833, 0.833], "y": [1.0, 1.0, 1.0] },
              "o": { "x": [0.167, 0.167, 0.167], "y": [0.0, 0.0, 0.0] },
              "t": 90.0,
              "s": [60.0, 60.0, 100.0]
            },
            { "t": 120.0, "s": [74.0, 74.0, 100.0] }
          ],
          "a": 1
        }
      },
      "shapes": [
        {
          "ty": "gr",
          "nm": "S",
          "bm": 0,
          "it": [
            {
              "ty": "sh",
              "nm": "P",
              "ind": 0,
              "ks": {
                "k": [
                  {
                    "i": { "x": 0.833, "y": 0.833 },
                    "o": { "x": 0.221, "y": 0.0 },
                    "t": 0.0,
                    "s": [
                      {
                        "i": [[-216, 0], [-209, 0]],
                        "o": [[214, 0], [193, 0]],
                        "v": [[300, 64], [659, -244]],
                        "c": false
                      }
                    ]
                  },
                  {
                    "i": { "x": 0.004, "y": 0.0 },
                    "o": { "x": 0.167, "y": 0.167 },
                    "t": 10.0,
                    "s": [
                      {
                        "i": [[-164.903, -51.097], [-93.232, 198.742]],
                        "o": [[119.311, 104.356], [107.339, -91.138]],
                        "v": [[305.032, -9.13], [653.687, -171.658]],
                        "c": false
                      }
                    ]
                  },
                  {
                    "i": { "x": 0.568, "y": 0.571 },
                    "o": { "x": 0.368, "y": 0.37 },
                    "t": 20.0,
                    "s": [
                      {
                        "i": [[-108, -108], [-14.27, 230.096]],
                        "o": [[13.864, 220.569], [11.946, -192.63]],
                        "v": [[310.636, -90.569], [647.77, -91.096]],
                        "c": false
                      }
                    ]
                  },
                  {
                    "i": { "x": 0.74, "y": 1.0 },
                    "o": { "x": 0.908, "y": 0.901 },
                    "t": 60.0,
                    "s": [
                      {
                        "i": [[-108, -108], [-14.27, 230.096]],
                        "o": [[13.864, 220.569], [11.946, -192.63]],
                        "v": [[310.636, -90.569], [647.77, -91.096]],
                        "c": false
                      }
                    ]
                  },
                  {
                    "t": 90.0,
                    "s": [
                      {
                        "i": [[-108, -108], [-0.27, -214.904]],
                        "o": [[-0.136, 211.569], [0.242, 193]],
                        "v": [[325.636, -270.569], [633.77, 89.904]],
                        "c": false
                      }
                    ]
                  }
                ],
                "a": 1
              }
            },
            {
              "ty": "st",
              "nm": "S",
              "bm": 0,
              "lc": 2,
              "lj": 2,
              "o": { "a": 0, "k": 100.0 },
              "w": { "a": 0, "k": 68.0 },
              "c": { "a": 0, "k": [0.0, 0.337, 0.337, 1.0] }
            },
            {
              "ty": "tr",
              "o": { "a": 0, "k": 20.0 },
              "r": { "a": 0, "k": 0.0 },
              "p": { "a": 0, "k": [0.0, 0.0] },
              "a": { "a": 0, "k": [0.0, 0.0] },
              "s": { "a": 0, "k": [100.0, 100.0] },
              "nm": "T",
              "sk": { "a": 0, "k": 0.0 },
              "sa": { "a": 0, "k": 0.0 }
            }
          ]
        },
        {
          "ty": "gr",
          "nm": "S",
          "bm": 0,
          "it": [
            {
              "ty": "sh",
              "nm": "P",
              "ind": 0,
              "ks": {
                "k": [
                  {
                    "i": { "x": 0.833, "y": 0.833 },
                    "o": { "x": 0.221, "y": 0.0 },
                    "t": 0.0,
                    "s": [
                      {
                        "i": [[-216, 0], [-209, 0]],
                        "o": [[214, 0], [193, 0]],
                        "v": [[300, 64], [659, -244]],
                        "c": false
                      }
                    ]
                  },
                  {
                    "i": { "x": 0.004, "y": 0.0 },
                    "o": { "x": 0.167, "y": 0.167 },
                    "t": 10.0,
                    "s": [
                      {
                        "i": [[-164.903, -51.097], [-93.232, 198.742]],
                        "o": [[119.311, 104.356], [107.339, -91.138]],
                        "v": [[305.032, -9.13], [653.687, -171.658]],
                        "c": false
                      }
                    ]
                  },
                  {
                    "i": { "x": 0.568, "y": 0.571 },
                    "o": { "x": 0.368, "y": 0.37 },
                    "t": 20.0,
                    "s": [
                      {
                        "i": [[-108, -108], [-14.27, 230.096]],
                        "o": [[13.864, 220.569], [11.946, -192.63]],
                        "v": [[310.636, -90.569], [647.77, -91.096]],
                        "c": false
                      }
                    ]
                  },
                  {
                    "i": { "x": 0.74, "y": 1.0 },
                    "o": { "x": 0.908, "y": 0.901 },
                    "t": 60.0,
                    "s": [
                      {
                        "i": [[-108, -108], [-14.27, 230.096]],
                        "o": [[13.864, 220.569], [11.946, -192.63]],
                        "v": [[310.636, -90.569], [647.77, -91.096]],
                        "c": false
                      }
                    ]
                  },
                  {
                    "t": 90.0,
                    "s": [
                      {
                        "i": [[-108, -108], [-0.27, -214.904]],
                        "o": [[-0.136, 211.569], [0.242, 193]],
                        "v": [[325.636, -270.569], [633.77, 89.904]],
                        "c": false
                      }
                    ]
                  }
                ],
                "a": 1
              }
            },
            {
              "ty": "st",
              "nm": "S",
              "bm": 0,
              "lc": 2,
              "lj": 2,
              "o": { "a": 0, "k": 100.0 },
              "w": { "a": 0, "k": 68.0 },
              "c": { "a": 0, "k": [0.0, 0.867, 0.702, 1.0] }
            },
            {
              "ty": "tr",
              "o": { "a": 0, "k": 100.0 },
              "r": { "a": 0, "k": 0.0 },
              "p": { "a": 0, "k": [0.0, 0.0] },
              "a": { "a": 0, "k": [0.0, 0.0] },
              "s": { "a": 0, "k": [100.0, 100.0] },
              "nm": "T",
              "sk": { "a": 0, "k": 0.0 },
              "sa": { "a": 0, "k": 0.0 }
            }
          ]
        },
        {
          "ty": "tm",
          "nm": "T",
          "s": {
            "a": 1,
            "k": [
              {
                "i": { "x": [0.833], "y": [1.0] },
                "o": { "x": [0.669], "y": [0.0] },
                "t": 75.0,
                "s": [0.0]
              },
              { "t": 115.0, "s": [100.0] }
            ]
          },
          "e": {
            "a": 1,
            "k": [
              {
                "i": { "x": [0.833], "y": [1.0] },
                "o": { "x": [0.669], "y": [0.0] },
                "t": 66.0,
                "s": [0.0]
              },
              { "t": 106.0, "s": [100.0] }
            ]
          },
          "o": { "a": 0, "k": 0.0 },
          "m": 1
        }
      ],
      "ip": 0.0,
      "op": 120.0,
      "st": 0.0
    },
    {
      "ind": 9,
      "ty": 4,
      "nm": "B",
      "sr": 1.0,
      "ks": {
        "o": { "a": 0, "k": 100.0 },
        "r": {
          "a": 1,
          "k": [
            {
              "i": { "x": [0.232], "y": [0.991] },
              "o": { "x": [0.761], "y": [0.009] },
              "t": 0.0,
              "s": [0.0]
            },
            { "t": 80.0, "s": [810.0] }
          ]
        },
        "p": { "a": 0, "k": [256.0, 256.0, 0.0] },
        "a": { "a": 0, "k": [479.5, -90.0, 0.0] },
        "s": {
          "k": [
            {
              "i": { "x": [0.833, 0.833, 0.833], "y": [1.0, 1.0, 1.0] },
              "o": { "x": [0.167, 0.167, 0.167], "y": [0.0, 0.0, 0.0] },
              "t": 0.0,
              "s": [74.0, 74.0, 100.0]
            },
            {
              "i": { "x": [0.833, 0.833, 0.833], "y": [1.0, 1.0, 1.0] },
              "o": { "x": [0.167, 0.167, 0.167], "y": [0.0, 0.0, 0.0] },
              "t": 30.0,
              "s": [60.0, 60.0, 100.0]
            },
            {
              "i": { "x": [0.833, 0.833, 0.833], "y": [1.0, 1.0, 1.0] },
              "o": { "x": [0.167, 0.167, 0.167], "y": [0.0, 0.0, 0.0] },
              "t": 60.0,
              "s": [74.0, 74.0, 100.0]
            },
            {
              "i": { "x": [0.833, 0.833, 0.833], "y": [1.0, 1.0, 1.0] },
              "o": { "x": [0.167, 0.167, 0.167], "y": [0.0, 0.0, 0.0] },
              "t": 90.0,
              "s": [60.0, 60.0, 100.0]
            },
            { "t": 120.0, "s": [74.0, 74.0, 100.0] }
          ],
          "a": 1
        }
      },
      "shapes": [
        {
          "ty": "gr",
          "nm": "S",
          "bm": 0,
          "it": [
            {
              "ty": "sh",
              "nm": "P",
              "ind": 0,
              "ks": {
                "k": [
                  {
                    "i": { "x": 0.833, "y": 0.833 },
                    "o": { "x": 0.221, "y": 0.0 },
                    "t": 0.0,
                    "s": [
                      {
                        "i": [[-216, 0], [-209, 0]],
                        "o": [[214, 0], [193, 0]],
                        "v": [[300, 64], [659, -244]],
                        "c": false
                      }
                    ]
                  },
                  {
                    "i": { "x": 0.004, "y": 0.0 },
                    "o": { "x": 0.167, "y": 0.167 },
                    "t": 10.0,
                    "s": [
                      {
                        "i": [[-164.903, -51.097], [-93.232, 198.742]],
                        "o": [[119.311, 104.356], [107.339, -91.138]],
                        "v": [[305.032, -9.13], [653.687, -171.658]],
                        "c": false
                      }
                    ]
                  },
                  {
                    "i": { "x": 0.568, "y": 0.571 },
                    "o": { "x": 0.368, "y": 0.37 },
                    "t": 20.0,
                    "s": [
                      {
                        "i": [[-108, -108], [-14.27, 230.096]],
                        "o": [[13.864, 220.569], [11.946, -192.63]],
                        "v": [[310.636, -90.569], [647.77, -91.096]],
                        "c": false
                      }
                    ]
                  },
                  {
                    "i": { "x": 0.74, "y": 1.0 },
                    "o": { "x": 0.908, "y": 0.901 },
                    "t": 60.0,
                    "s": [
                      {
                        "i": [[-108, -108], [-14.27, 230.096]],
                        "o": [[13.864, 220.569], [11.946, -192.63]],
                        "v": [[310.636, -90.569], [647.77, -91.096]],
                        "c": false
                      }
                    ]
                  },
                  {
                    "t": 90.0,
                    "s": [
                      {
                        "i": [[-108, -108], [-0.27, -214.904]],
                        "o": [[-0.136, 211.569], [0.242, 193]],
                        "v": [[325.636, -270.569], [633.77, 89.904]],
                        "c": false
                      }
                    ]
                  }
                ],
                "a": 1
              }
            },
            {
              "ty": "st",
              "nm": "S",
              "bm": 0,
              "lc": 2,
              "lj": 2,
              "o": { "a": 0, "k": 100.0 },
              "w": { "a": 0, "k": 68.0 },
              "c": { "a": 0, "k": [1.0, 1.0, 1.0, 1.0] }
            },
            {
              "ty": "tr",
              "o": { "a": 0, "k": 100.0 },
              "r": { "a": 0, "k": 0.0 },
              "p": { "a": 0, "k": [0.0, 0.0] },
              "a": { "a": 0, "k": [0.0, 0.0] },
              "s": { "a": 0, "k": [100.0, 100.0] },
              "nm": "T",
              "sk": { "a": 0, "k": 0.0 },
              "sa": { "a": 0, "k": 0.0 }
            }
          ]
        }
      ],
      "ip": 0.0,
      "op": 120.0,
      "st": 0.0
    },
    {
      "ind": 10,
      "ty": 4,
      "nm": "S",
      "sr": 1.0,
      "ks": {
        "o": { "a": 0, "k": 100.0 },
        "r": { "a": 0, "k": 0.0 },
        "p": { "a": 0, "k": [256.0, 256.0, 0.0] },
        "a": { "a": 0, "k": [0.0, 0.0, 0.0] },
        "s": {
          "k": [
            {
              "i": { "x": [0.654, 0.654, 0.833], "y": [1.0, 1.0, 1.0] },
              "o": { "x": [0.333, 0.333, 0.333], "y": [0.0, 0.0, 0.0] },
              "t": 0.0,
              "s": [100.0, 100.0, 100.0]
            },
            {
              "i": { "x": [0.667, 0.667, 0.667], "y": [1.0, 1.0, 1.0] },
              "o": { "x": [0.276, 0.276, 0.159], "y": [0.0, 0.0, 0.0] },
              "t": 30.0,
              "s": [82.0, 82.0, 100.0]
            },
            {
              "i": { "x": [0.698, 0.698, 0.833], "y": [1.0, 1.0, 1.0] },
              "o": { "x": [0.333, 0.333, 0.333], "y": [0.0, 0.0, 0.0] },
              "t": 60.0,
              "s": [100.0, 100.0, 100.0]
            },
            {
              "i": { "x": [0.667, 0.667, 0.667], "y": [1.0, 1.0, 1.0] },
              "o": { "x": [0.304, 0.304, 0.167], "y": [0.0, 0.0, 0.0] },
              "t": 90.0,
              "s": [82.0, 82.0, 100.0]
            },
            { "t": 120.0, "s": [100.0, 100.0, 100.0] }
          ],
          "a": 1
        }
      },
      "shapes": [
        {
          "ty": "gr",
          "nm": "E",
          "bm": 0,
          "it": [
            {
              "ty": "el",
              "p": { "a": 0, "k": [0.0, 0.0] },
              "s": { "a": 0, "k": [512.0, 512.0] },
              "nm": "E"
            },
            {
              "ty": "fl",
              "nm": "F",
              "bm": 0,
              "c": { "a": 0, "k": [0.0, 0.867, 0.702, 1.0] },
              "o": { "a": 0, "k": 100.0 },
              "r": 1
            },
            {
              "ty": "tr",
              "o": { "a": 0, "k": 100.0 },
              "r": { "a": 0, "k": 0.0 },
              "p": { "a": 0, "k": [0.0, 0.0] },
              "a": { "a": 0, "k": [0.0, 0.0] },
              "s": { "a": 0, "k": [100.0, 100.0] },
              "nm": "T",
              "sk": { "a": 0, "k": 0.0 },
              "sa": { "a": 0, "k": 0.0 }
            }
          ]
        }
      ],
      "ip": 0.0,
      "op": 120.0,
      "st": 0.0
    }
  ],
  "markers": []
}
